{
  "bo_mean": {
    "sharpe": 1.0734626439132076,
    "total_return": 0.054656524888909236,
    "vol_annual": 0.1950718783615274,
    "max_drawdown": -0.06008555646177762
  },
  "joh_mean": {
    "sharpe": 0.4411294092732221,
    "total_return": 0.0008011591101665984,
    "vol_annual": 0.006169166296419569,
    "max_drawdown": -0.002174357326431563
  },
  "paired_ttest": {
    "t_stat": 3.24719264137293,
    "p_value": 0.0016756309996237323
  },
  "wilcoxon_p": 0.0008085306756457998,
  "n_windows": 85
}